City,Cloudiness,Country,Date,Humidity,Lat,Lng,MaxTemp,WindSpeed
navalmoral de la mata,0.0,ES,1552855847.0,63.0,39.89,-5.54,50.24,4.63
lima,0.0,PE,1552855806.0,65.0,-12.06,-77.04,79.0,11.41
dombarovskiy,88.0,RU,1552855848.0,88.0,50.76,59.54,26.3,16.04
tasiilaq,92.0,GL,1552852200.0,85.0,65.61,-37.64,17.6,6.93
atuona,0.0,PF,1552855848.0,99.0,-9.8,-139.03,83.0,14.14
tuktoyaktuk,75.0,CA,1552852800.0,79.0,69.44,-133.03,26.6,11.41
ushuaia,90.0,AR,1552852800.0,100.0,-54.81,-68.31,48.2,9.17
qaanaaq,0.0,GL,1552855850.0,83.0,77.48,-69.36,-27.71,8.66
ribeira grande,20.0,PT,1552852800.0,87.0,38.52,-28.7,60.8,3.36
bredasdorp,64.0,ZA,1552855603.0,83.0,-34.53,20.04,69.8,5.82
vaini,0.0,IN,1552855851.0,78.0,15.34,74.49,66.8,1.39
jamestown,0.0,AU,1552855852.0,79.0,-33.21,138.6,47.72,2.62
dikson,88.0,RU,1552855595.0,93.0,73.51,80.55,23.78,14.25
albany,75.0,US,1552855576.0,34.0,42.65,-73.75,37.99,14.99
quiindy,88.0,PY,1552855864.0,99.0,-25.98,-57.23,74.0,3.74
souillac,40.0,FR,1552855842.0,81.0,45.6,-0.6,46.99,8.05
severo-kurilsk,36.0,RU,1552855612.0,100.0,50.68,156.12,24.86,6.2
luderitz,0.0,NA,1552855865.0,81.0,-26.65,15.16,62.66,13.13
hermanus,76.0,ZA,1552855603.0,93.0,-34.42,19.24,66.0,1.95
sola,40.0,NO,1552855803.0,75.0,58.89,5.65,41.0,19.46
den helder,90.0,NL,1552855808.0,70.0,52.96,4.76,44.6,19.46
punta arenas,75.0,CL,1552855387.0,81.0,-53.16,-70.91,50.0,31.09
avera,1.0,US,1552855827.0,25.0,33.19,-82.53,66.0,5.82
alyangula,12.0,AU,1552852800.0,100.0,-13.85,136.42,75.2,2.17
upernavik,32.0,GL,1552855869.0,100.0,72.79,-56.15,-10.88,7.87
mar del plata,0.0,AR,1552855586.0,36.0,-46.43,-67.52,70.4,27.78
urucara,0.0,BR,1552855870.0,77.0,-2.54,-57.76,85.88,2.73
castro,40.0,CL,1552852800.0,59.0,-42.48,-73.76,60.8,10.29
victoria,75.0,BN,1552852800.0,88.0,5.28,115.24,78.8,9.44
freeport,75.0,BS,1552852800.0,69.0,26.54,-78.7,80.6,10.29
cobija,40.0,BR,1552852800.0,55.0,-11.02,-68.77,91.4,6.93
dorolt,0.0,RO,1552854600.0,76.0,47.85,22.82,50.0,5.82
butaritari,88.0,KI,1552855873.0,100.0,3.07,172.79,79.94,11.79
dordrecht,64.0,NL,1552855867.0,75.0,51.8,4.68,44.01,12.75
agirish,76.0,RU,1552855874.0,76.0,61.92,63.02,23.06,5.3
san patricio,88.0,PY,1552855874.0,97.0,-26.98,-56.83,73.64,3.18
zhigalovo,88.0,RU,1552855875.0,83.0,54.81,105.15,25.4,4.52
pevek,80.0,RU,1552855824.0,100.0,69.7,170.27,-11.15,11.45
macia,20.0,MZ,1552855875.0,71.0,-25.03,33.09,77.42,7.76
ibra,0.0,OM,1552855876.0,87.0,22.69,58.55,59.69,2.39
zakopane,75.0,PL,1552855507.0,70.0,49.3,19.95,50.0,4.7
mataura,36.0,NZ,1552855205.0,90.0,-46.19,168.86,57.99,1.99
cape town,75.0,ZA,1552855692.0,93.0,-33.93,18.42,69.01,17.22
santa fe,68.0,AR,1552855608.0,68.0,-31.62,-60.7,78.01,7.0
busselton,0.0,AU,1552855570.0,57.0,-33.64,115.35,66.99,15.93
jumla,88.0,NP,1552855878.0,99.0,29.28,82.18,27.65,0.49
maceio,20.0,BR,1552852800.0,66.0,-9.67,-35.74,84.2,14.99
rikitea,68.0,PF,1552855879.0,100.0,-23.12,-134.97,78.86,21.85
saldanha,68.0,PT,1552855631.0,64.0,41.42,-6.55,45.11,3.62
kapaa,40.0,US,1552855705.0,50.0,22.08,-159.32,77.0,16.11
lagoa,0.0,PT,1552855628.0,59.0,37.14,-8.45,62.6,9.17
isangel,92.0,VU,1552855804.0,100.0,-19.55,169.27,80.93,14.36
puerto ayora,20.0,EC,1552855607.0,74.0,-0.74,-90.35,80.6,10.29
ilulissat,32.0,GL,1552852200.0,54.0,69.22,-51.1,3.2,9.17
woodward,1.0,US,1552855583.0,15.0,36.43,-99.39,68.0,4.7
el alto,75.0,BO,1552852800.0,50.0,-16.5,-68.19,57.2,9.17
port elizabeth,40.0,US,1552855879.0,33.0,39.31,-74.98,48.99,12.75
teya,75.0,MX,1552855561.0,30.0,21.05,-89.07,95.0,5.82
arraial do cabo,40.0,BR,1552852800.0,74.0,-22.97,-42.02,84.2,9.17
sedro-woolley,1.0,US,1552855866.0,54.0,48.5,-122.23,64.0,6.93
sabang,88.0,PH,1552855884.0,92.0,13.72,123.58,77.6,10.67
san cristobal,75.0,EC,1552855527.0,27.0,-0.39,-78.55,78.8,10.29
springbok,0.0,ZA,1552855886.0,77.0,-29.67,17.88,51.23,3.62
xichang,0.0,CN,1552855886.0,60.0,27.88,102.25,34.94,1.39
launceston,8.0,AU,1552855824.0,93.0,-41.43,147.14,55.0,8.05
longyearbyen,40.0,NO,1552854000.0,72.0,78.22,15.63,12.2,8.05
tungor,76.0,RU,1552855887.0,89.0,53.39,142.95,20.54,8.32
codrington,90.0,AU,1552855700.0,93.0,-28.95,153.24,66.99,3.4
grand gaube,75.0,MU,1552855747.0,88.0,-20.01,57.66,78.8,5.82
sao filipe,0.0,CV,1552855889.0,90.0,14.9,-24.5,72.38,12.35
bambous virieux,75.0,MU,1552855446.0,88.0,-20.34,57.76,78.8,5.82
kompaniyivka,24.0,UA,1552855889.0,82.0,48.25,32.21,34.04,3.85
hobart,75.0,AU,1552855639.0,87.0,-42.88,147.33,59.0,8.05
hilo,90.0,US,1552855889.0,78.0,19.71,-155.08,73.0,18.34
east london,24.0,ZA,1552855891.0,97.0,-33.02,27.91,76.07,12.12
te anau,36.0,NZ,1552855891.0,93.0,-45.41,167.72,56.9,2.95
makakilo city,40.0,US,1552855613.0,47.0,21.35,-158.09,77.0,8.05
pauini,24.0,BR,1552855892.0,76.0,-7.71,-67.0,87.59,2.62
namibe,24.0,AO,1552855892.0,100.0,-15.19,12.15,77.96,4.97
sal rei,0.0,CV,1552852800.0,69.0,16.18,-22.92,73.4,16.11
bluff,0.0,AU,1552855894.0,94.0,-23.58,149.07,66.26,4.74
khandyga,0.0,RU,1552855894.0,61.0,62.65,135.58,-13.67,3.18
georgetown,75.0,GY,1552852800.0,88.0,6.8,-58.16,86.0,6.93
kyshtovka,0.0,RU,1552855895.0,59.0,56.56,76.62,5.24,2.95
santa rosalia,0.0,IT,1552855883.0,76.0,38.07,13.27,63.0,2.24
vao,92.0,EE,1552855896.0,94.0,59.1,26.19,37.91,14.03
port alfred,80.0,ZA,1552855605.0,94.0,-33.59,26.89,70.0,3.0
eyl,92.0,SO,1552855897.0,100.0,7.98,49.82,75.8,9.33
nanortalik,92.0,GL,1552855897.0,100.0,60.14,-45.24,28.46,27.11
provideniya,56.0,RU,1552855898.0,100.0,64.42,-173.23,7.13,6.2
namatanai,20.0,PG,1552855898.0,100.0,-3.66,152.44,82.01,8.55
nikolskoye,75.0,RU,1552855882.0,90.0,59.7,30.79,37.4,11.18
gaoua,24.0,BF,1552855899.0,73.0,10.33,-3.18,77.42,3.96
mahebourg,75.0,MU,1552855747.0,88.0,-20.41,57.7,78.8,5.82
chokurdakh,32.0,RU,1552855607.0,36.0,70.62,147.9,-24.02,2.95
rize,75.0,TR,1552854000.0,65.0,41.02,40.52,46.4,5.82
new norfolk,75.0,AU,1552855875.0,87.0,-42.78,147.06,59.0,8.05
saint-philippe,90.0,CA,1552855807.0,42.0,45.36,-73.48,28.99,21.92
kijang,0.0,KR,1552852800.0,86.0,35.24,129.21,37.4,3.36
cabo san lucas,90.0,MX,1552855622.0,64.0,22.89,-109.91,75.2,9.17
nelson bay,75.0,AU,1552855837.0,100.0,-32.72,152.14,66.0,11.41
puerto escondido,40.0,MX,1552851900.0,70.0,15.86,-97.07,84.2,11.41
bathsheba,75.0,BB,1552852800.0,83.0,13.22,-59.52,77.0,11.41
kodiak,75.0,US,1552855870.0,28.0,39.95,-94.76,53.01,8.05
nchelenge,36.0,ZM,1552855904.0,92.0,-9.35,28.74,71.3,3.4
norman wells,20.0,CA,1552852800.0,51.0,65.28,-126.83,35.6,4.7
kahului,40.0,US,1552855662.0,54.0,20.89,-156.47,78.8,16.11
port hedland,0.0,AU,1552852800.0,78.0,-20.31,118.58,78.8,8.05
hithadhoo,12.0,MV,1552855723.0,100.0,-0.6,73.08,83.36,4.29
lebu,0.0,ET,1552855907.0,66.0,8.96,38.73,50.96,5.41
veseloyarsk,44.0,RU,1552855907.0,87.0,51.29,81.11,13.16,7.2
saint george,0.0,GR,1552852200.0,66.0,39.45,22.34,53.6,3.06
yellowknife,75.0,CA,1552855659.0,58.0,62.45,-114.38,34.0,4.7
palmer,90.0,US,1552855875.0,70.0,61.6,-149.11,44.6,1.95
avarua,100.0,CK,1552852800.0,88.0,-21.21,-159.78,80.6,17.22
sunrise manor,1.0,US,1552855836.0,14.0,36.21,-115.07,75.0,10.29
kruisfontein,92.0,ZA,1552855910.0,87.0,-34.0,24.73,67.7,15.82
vila,75.0,IT,1552855897.0,93.0,45.18,8.4,55.99,4.7
merauke,92.0,ID,1552855911.0,100.0,-8.49,140.4,77.42,9.22
russell,0.0,AR,1552852800.0,36.0,-33.01,-68.8,77.0,10.29
leningradskiy,80.0,RU,1552855912.0,90.0,69.38,178.42,-4.22,27.45
yakeshi,20.0,CN,1552855912.0,72.0,49.28,120.73,18.47,4.18
sambava,12.0,MG,1552855912.0,100.0,-14.27,50.17,82.19,8.88
nishihara,1.0,JP,1552855889.0,69.0,35.74,139.53,46.99,0.72
halifax,20.0,CA,1552855585.0,37.0,44.65,-63.58,37.0,17.22
kaitangata,76.0,NZ,1552855914.0,90.0,-46.28,169.85,60.05,4.18
boralday,90.0,KZ,1552852800.0,66.0,43.36,76.86,48.2,4.47
teguise,20.0,ES,1552854600.0,72.0,29.06,-13.56,64.4,16.11
tura,32.0,IN,1552855916.0,74.0,25.52,90.21,59.6,1.28
sinnamary,0.0,GF,1552855916.0,91.0,5.38,-52.96,80.12,10.67
lorengau,56.0,PG,1552855872.0,100.0,-2.02,147.27,79.76,11.01
tilichiki,0.0,RU,1552855879.0,55.0,60.47,166.1,-19.61,2.73
tres arroyos,0.0,AR,1552855917.0,67.0,-38.38,-60.28,76.34,6.64
ngunguru,32.0,NZ,1552855084.0,88.0,-35.62,174.5,69.01,1.01
fairbanks,1.0,US,1552855614.0,45.0,64.84,-147.72,48.99,10.29
baykit,8.0,RU,1552855918.0,61.0,61.68,96.39,-3.77,2.62
saskylakh,12.0,RU,1552855918.0,32.0,71.97,114.09,-22.22,4.74
thompson,40.0,CA,1552852800.0,50.0,55.74,-97.86,33.8,5.82
krasnyy chikoy,88.0,RU,1552855919.0,59.0,50.36,108.75,22.07,2.62
matay,0.0,EG,1552855920.0,73.0,28.42,30.79,49.07,2.84
nicoya,20.0,CR,1552852800.0,36.0,10.15,-85.45,95.0,27.51
nanakuli,40.0,US,1552855911.0,64.0,21.39,-158.15,77.0,13.87
presidente medici,8.0,BR,1552855921.0,70.0,-11.18,-61.9,86.96,2.62
cherskiy,12.0,RU,1552855921.0,40.0,68.75,161.3,-26.18,3.74
fukue,20.0,JP,1552855921.0,59.0,35.03,136.69,37.4,10.29
kirakira,56.0,SB,1552855923.0,100.0,-10.46,161.92,82.82,10.78
sitka,0.0,US,1552855620.0,30.0,37.17,-99.65,64.0,3.06
bereda,20.0,ES,1552855804.0,70.0,43.27,-7.54,46.4,5.82
faya,0.0,SA,1552852800.0,82.0,18.39,42.45,62.6,2.06
geraldton,5.0,CA,1552852800.0,35.0,49.72,-86.95,23.0,6.93
zabid,12.0,YE,1552855925.0,82.0,14.2,44.5,49.43,0.38
qandala,0.0,SO,1552855925.0,89.0,11.47,49.87,65.81,2.39
saa,12.0,NG,1552855926.0,67.0,7.32,10.08,80.57,3.96
arlit,0.0,NE,1552855926.0,50.0,18.74,7.39,72.83,2.95
orange walk,75.0,JM,1552852800.0,58.0,17.93,-76.27,82.4,8.05
santa isabel do rio negro,88.0,BR,1552855773.0,84.0,-0.41,-65.02,82.19,2.95
port-cartier,75.0,CA,1552855710.0,52.0,50.03,-66.88,19.0,18.34
barrow,0.0,AR,1552855927.0,67.0,-38.31,-60.23,76.34,6.64
buala,100.0,SB,1552855928.0,85.0,-8.15,159.59,83.81,5.75
katsuura,20.0,JP,1552855871.0,97.0,33.93,134.5,37.4,9.17
soyo,12.0,AO,1552855929.0,97.0,-6.13,12.37,77.24,2.62
idaho falls,1.0,US,1552855857.0,48.0,43.49,-112.04,48.99,9.17
caravelas,0.0,BR,1552855888.0,100.0,-17.73,-39.27,83.36,14.7
luena,24.0,AO,1552855930.0,92.0,-11.78,19.91,66.17,2.51
itarema,80.0,BR,1552855930.0,83.0,-2.92,-39.92,81.29,5.97
skibbereen,40.0,IE,1552852800.0,75.0,51.55,-9.27,42.8,11.41
santa maria,75.0,BR,1552852800.0,88.0,-29.69,-53.81,75.2,5.82
fortuna,0.0,ES,1552855819.0,22.0,38.18,-1.13,69.01,6.93
flin flon,20.0,CA,1552852800.0,59.0,54.77,-101.88,35.6,4.7
cortez,1.0,US,1552855910.0,32.0,37.35,-108.58,55.0,3.36
khatanga,80.0,RU,1552855934.0,76.0,71.98,102.47,-3.59,6.64
saint-pierre,0.0,FR,1552855625.0,75.0,48.95,4.24,41.0,17.22
karratha,0.0,AU,1552855935.0,80.0,-20.74,116.85,75.08,9.78
challapata,0.0,BO,1552855935.0,16.0,-18.9,-66.78,58.88,5.86
katherine,0.0,AU,1552852800.0,94.0,-14.47,132.26,75.2,4.7
airai,80.0,TL,1552855936.0,93.0,-8.93,125.41,67.34,1.05
sur,0.0,OM,1552855937.0,94.0,22.57,59.53,72.11,16.04
zaqatala,90.0,AZ,1552852800.0,87.0,41.63,46.65,44.6,4.7
gisborne,80.0,NZ,1552855805.0,92.0,-38.66,178.02,64.0,4.0
coihaique,40.0,CL,1552852800.0,58.0,-45.58,-72.07,55.4,25.28
lavrentiya,76.0,RU,1552855939.0,100.0,65.58,-170.99,5.87,21.97
zhumadian,0.0,CN,1552855939.0,63.0,33.01,114.02,48.26,5.97
san quintin,76.0,PH,1552855939.0,82.0,17.54,120.52,68.78,2.62
kidal,48.0,ML,1552855940.0,21.0,18.44,1.41,82.1,6.76
talnakh,64.0,RU,1552855940.0,67.0,69.49,88.39,-5.03,4.74
hamilton,75.0,BM,1552855637.0,100.0,32.3,-64.78,64.99,9.17
lompoc,1.0,US,1552855782.0,29.0,34.64,-120.46,80.01,9.17
hambantota,0.0,LK,1552855941.0,100.0,6.12,81.12,79.85,12.01
nieuw amsterdam,20.0,SR,1552855213.0,58.0,5.88,-55.08,89.6,11.41
port blair,0.0,IN,1552855662.0,100.0,11.67,92.75,82.73,10.0
batagay-alyta,20.0,RU,1552855943.0,56.0,67.8,130.41,-34.1,2.39
carnarvon,0.0,ZA,1552855943.0,11.0,-30.97,22.13,65.54,7.76
delmas,20.0,HT,1552852800.0,62.0,18.55,-72.29,86.0,18.34
ocampo,88.0,PH,1552855944.0,92.0,13.56,123.37,77.6,10.67
salalah,75.0,OM,1552852200.0,74.0,17.01,54.1,78.8,8.05
virginia beach,1.0,US,1552855809.0,28.0,36.85,-75.98,55.99,3.36
price,1.0,US,1552855607.0,37.0,39.6,-110.81,55.0,3.36
mount gambier,90.0,AU,1552852800.0,100.0,-37.83,140.78,59.0,8.05
de-kastri,24.0,RU,1552855946.0,83.0,51.48,140.77,17.03,5.75
acapulco,75.0,MX,1552851660.0,74.0,16.86,-99.88,86.0,6.93
vaitape,88.0,PF,1552855708.0,100.0,-16.52,-151.75,83.0,7.43
carinhanha,0.0,BR,1552855947.0,43.0,-14.3,-43.77,88.85,2.39
narsaq,92.0,GL,1552852200.0,44.0,60.91,-46.05,41.0,17.22
clyde river,1.0,CA,1552852800.0,75.0,70.47,-68.59,-14.81,18.34
ballina,75.0,IE,1552855923.0,93.0,54.11,-9.15,44.6,9.17
ikalamavony,20.0,MG,1552855949.0,93.0,-21.17,46.6,59.87,2.28
san policarpo,92.0,PH,1552855949.0,88.0,12.18,125.51,78.95,16.04
moa,24.0,CU,1552855950.0,61.0,20.66,-74.95,80.03,3.62
bethel,1.0,US,1552852560.0,92.0,60.79,-161.76,17.6,4.52
port lincoln,0.0,AU,1552855654.0,100.0,-34.72,135.86,61.58,10.33
usinsk,88.0,RU,1552855951.0,91.0,66.0,57.56,24.23,10.78
castro marim,0.0,ES,1552855934.0,63.0,37.22,-7.45,62.6,10.29
nkan,92.0,GQ,1552855952.0,98.0,2.26,11.22,69.86,1.39
boa vista,75.0,BR,1552852800.0,30.0,2.82,-60.67,95.0,17.22
billings,75.0,US,1552855889.0,60.0,45.79,-108.5,48.99,4.7
manokwari,8.0,ID,1552855706.0,96.0,-0.87,134.08,81.2,4.29
pemba,8.0,MZ,1552855954.0,99.0,-12.97,40.52,83.9,12.68
ponta do sol,64.0,BR,1552855954.0,81.0,-20.63,-46.0,77.15,1.72
alofi,75.0,NU,1552852800.0,83.0,-19.06,-169.92,80.6,8.05
paamiut,92.0,GL,1552855862.0,92.0,61.99,-49.67,32.6,28.34
togur,80.0,RU,1552855955.0,89.0,58.36,82.83,24.05,6.87
almeirim,20.0,PT,1552855945.0,81.0,39.21,-8.63,55.4,11.41
joaima,92.0,BR,1552855956.0,39.0,-16.65,-41.03,88.58,4.29
ahuimanu,75.0,US,1552855911.0,69.0,21.44,-157.84,77.0,14.99
banyuwangi,32.0,ID,1552855957.0,100.0,-8.21,114.37,75.44,1.61
buenos aires,75.0,AR,1552855624.0,73.0,-34.61,-58.44,81.0,9.17
zhezkazgan,92.0,KZ,1552855959.0,92.0,47.8,67.71,31.88,15.26
neka,90.0,IR,1552852800.0,93.0,36.65,53.3,53.6,11.41
howard springs,0.0,AU,1552855953.0,94.0,-12.5,131.05,78.8,2.24
duluth,1.0,US,1552856100.0,59.0,46.77,-92.13,39.0,5.82
kormilovka,40.0,RU,1552852800.0,92.0,55.0,74.1,10.4,2.62
cidreira,88.0,BR,1552855961.0,89.0,-30.17,-50.22,74.0,15.03
berlevag,75.0,NO,1552852200.0,58.0,70.86,29.09,28.4,13.87
veraval,75.0,FR,1552855925.0,93.0,49.65,0.71,43.0,8.05
totness,1.0,US,1552856100.0,26.0,33.74,-80.8,63.0,6.93
mareeba,40.0,AU,1552855518.0,78.0,-16.99,145.42,78.8,11.41
takoradi,48.0,GH,1552855963.0,98.0,4.89,-1.75,83.18,5.19
yulara,0.0,AU,1552852800.0,33.0,-25.24,130.99,73.4,5.82
ambon,0.0,FR,1552855949.0,80.0,47.55,-2.56,45.0,6.93
richards bay,0.0,ZA,1552855964.0,72.0,-28.77,32.06,76.16,8.66
lawton,1.0,US,1552855807.0,32.0,34.61,-98.39,66.2,11.41
amahai,0.0,ID,1552855965.0,100.0,-3.31,129.0,82.64,7.76
waingapu,76.0,ID,1552855966.0,100.0,-9.65,120.26,74.54,4.41
kawalu,92.0,ID,1552855966.0,97.0,-7.38,108.21,66.53,1.95
akureyri,20.0,IS,1552852800.0,90.0,65.68,-18.09,32.0,5.82
kendari,12.0,ID,1552855967.0,92.0,-3.99,122.52,72.38,2.17
vestmannaeyjar,92.0,IS,1552855967.0,100.0,63.44,-20.27,39.17,13.69
sistranda,75.0,NO,1552855766.0,100.0,63.73,8.83,33.01,12.75
hit,0.0,IQ,1552855851.0,64.0,33.64,42.83,52.94,15.48
saint-augustin,88.0,FR,1552855870.0,81.0,44.83,-0.61,50.0,3.36
male,20.0,UA,1552855969.0,92.0,50.74,33.7,32.42,3.4
yerbogachen,44.0,RU,1552855969.0,74.0,61.28,108.01,13.16,3.51
ayr,40.0,GB,1552855852.0,70.0,55.46,-4.63,42.8,9.17
kailua,75.0,US,1552855911.0,69.0,21.39,-157.74,77.0,14.99
lucapa,12.0,AO,1552855971.0,88.0,-8.42,20.74,73.28,2.62
hanna,20.0,CA,1552855744.0,62.0,51.64,-111.93,45.0,1.99
chincha alta,0.0,PE,1552852800.0,30.0,-13.42,-76.13,71.6,21.92
vila franca do campo,20.0,PT,1552855773.0,87.0,37.72,-25.43,60.8,4.7
vitim,20.0,RU,1552855972.0,79.0,59.44,112.57,9.56,4.07
ano mera,0.0,GR,1552855542.0,87.0,37.45,25.4,59.0,8.05
nizhniy odes,88.0,RU,1552855973.0,86.0,63.64,54.86,26.3,5.64
tarata,0.0,PE,1552852800.0,53.0,-17.47,-70.03,75.2,9.17
hargeysa,0.0,SO,1552855974.0,85.0,9.56,44.06,55.19,2.73
byron bay,68.0,AU,1552855700.0,100.0,-28.65,153.62,66.99,3.51
yeppoon,12.0,AU,1552852800.0,94.0,-23.13,150.74,73.4,2.24
kavieng,48.0,PG,1552855975.0,100.0,-2.57,150.8,80.84,3.96
mocuba,68.0,MZ,1552855975.0,92.0,-16.84,36.99,73.46,3.18
bruchsal,20.0,DE,1552855956.0,75.0,49.12,8.6,43.0,10.29
hammerfest,75.0,NO,1552854000.0,68.0,70.66,23.68,26.6,12.75
torbay,20.0,CA,1552855803.0,63.0,47.66,-52.73,30.2,23.04
vanderhoof,0.0,CA,1552855922.0,59.0,54.02,-124.02,47.54,3.18
cabedelo,20.0,BR,1552852800.0,70.0,-6.97,-34.84,84.2,9.17
inhambane,36.0,MZ,1552855978.0,100.0,-23.87,35.38,75.26,5.75
turayf,0.0,SA,1552852800.0,87.0,31.68,38.65,48.2,13.87
labuhan,24.0,ID,1552855979.0,97.0,-2.54,115.51,71.93,1.95
broome,20.0,GB,1552855974.0,80.0,52.47,1.45,44.01,13.87
changji,56.0,CN,1552855980.0,88.0,32.07,116.17,49.88,2.51
katobu,32.0,ID,1552855980.0,97.0,-4.94,122.53,81.38,5.19
cockburn town,20.0,TC,1552855884.0,100.0,21.46,-71.14,75.98,12.24
samarkand,0.0,UZ,1552852800.0,66.0,39.65,66.98,53.6,4.7
port hardy,20.0,CA,1552852800.0,76.0,50.7,-127.42,50.0,4.7
fuerte olimpo,0.0,BR,1552855981.0,66.0,-21.04,-57.87,89.75,12.24
turukhansk,68.0,RU,1552855982.0,58.0,65.8,87.96,-1.88,3.62
walla walla,1.0,US,1552855890.0,70.0,46.06,-118.33,52.0,3.36
karatuzskoye,80.0,RU,1552855983.0,80.0,53.61,92.87,22.34,5.86
sault sainte marie,1.0,CA,1552852800.0,43.0,46.49,-84.36,35.6,8.05
touros,20.0,BR,1552852800.0,70.0,-5.2,-35.46,86.0,11.41
praia,40.0,BR,1552852800.0,74.0,-20.25,-43.81,80.6,2.24
coquimbo,20.0,CL,1552852800.0,68.0,-29.95,-71.34,64.4,13.87
steamboat springs,1.0,US,1552855886.0,47.0,40.48,-106.83,37.99,3.06
muros,20.0,ES,1552855956.0,70.0,42.77,-9.06,50.0,8.05
oksfjord,75.0,NO,1552854000.0,68.0,70.24,22.35,26.6,12.75
bulandshahr,0.0,IN,1552855986.0,65.0,28.41,77.85,58.43,4.63
klyuchi,20.0,RU,1552855986.0,80.0,52.25,79.17,12.26,4.97
esperance,20.0,TT,1552855642.0,55.0,10.24,-61.45,86.0,14.99
devrek,0.0,TR,1552855732.0,84.0,41.22,31.96,41.33,3.18
okhotsk,0.0,RU,1552855988.0,100.0,59.36,143.24,0.92,5.41
micheweni,80.0,TZ,1552855988.0,100.0,-4.97,39.83,81.65,8.66
klaksvik,0.0,FO,1552855800.0,74.0,62.23,-6.59,30.2,2.24
thaba-tseka,24.0,LS,1552855989.0,76.0,-29.52,28.61,46.46,1.83
bilma,0.0,NE,1552855989.0,29.0,18.69,12.92,64.73,5.75
ketchikan,90.0,US,1552852560.0,87.0,55.34,-131.65,51.8,23.04
bagotville,68.0,AU,1552855700.0,100.0,-28.98,153.42,66.99,3.51
kurikka,80.0,FI,1552855975.0,87.0,62.62,22.4,33.01,13.87
nurota,8.0,UZ,1552851000.0,71.0,40.56,65.69,55.4,11.41
caraballeda,44.0,VE,1552855582.0,49.0,10.61,-66.85,82.0,4.0
macenta,24.0,GN,1552855991.0,47.0,8.55,-9.47,82.73,3.62
shihezi,64.0,CN,1552855992.0,90.0,44.3,86.03,22.16,2.51
rio grande,90.0,BR,1552852800.0,73.0,-32.03,-52.1,77.0,11.41
dasoguz,0.0,TM,1552852800.0,55.0,41.84,59.97,60.8,18.34
auki,0.0,NG,1552855993.0,19.0,12.18,6.51,79.58,10.78
santa cruz de la palma,40.0,ES,1552855862.0,55.0,28.68,-17.76,64.4,10.29
cabatuan,44.0,PH,1552855994.0,93.0,16.95,121.67,67.34,1.95
houma,80.0,CN,1552855994.0,53.0,35.63,111.36,43.58,2.84
kamaishi,0.0,JP,1552855995.0,76.0,39.28,141.86,24.32,4.18
faanui,68.0,PF,1552855995.0,100.0,-16.48,-151.75,83.99,7.99
dhidhdhoo,80.0,MV,1552855702.0,100.0,6.88,73.1,83.81,5.97
buraydah,0.0,SA,1552852800.0,44.0,26.33,43.97,57.2,5.82
coolum beach,64.0,AU,1552855835.0,83.0,-26.53,153.09,73.0,3.62
adelaide,0.0,AU,1552855901.0,72.0,-34.93,138.6,66.0,3.51
igrim,68.0,RU,1552855997.0,83.0,63.19,64.42,21.44,5.75
kulhudhuffushi,80.0,MV,1552855997.0,100.0,6.62,73.07,83.81,5.97
mangrol,0.0,IN,1552855998.0,71.0,25.33,76.51,56.63,2.95
zakharovo,76.0,RU,1552855959.0,87.0,54.37,39.28,34.0,1.99
anadyr,75.0,RU,1552855987.0,76.0,64.73,177.51,-9.01,4.47
cajabamba,92.0,EC,1552855999.0,85.0,-1.7,-78.77,53.3,1.83
kedougou,0.0,SN,1552855999.0,60.0,12.56,-12.19,82.01,3.51
amberley,0.0,NZ,1552855984.0,87.0,-43.15,172.73,60.01,4.7
nalut,0.0,LY,1552856000.0,52.0,31.86,10.98,52.4,3.96
xuddur,0.0,SO,1552856000.0,38.0,4.12,43.89,76.34,9.66
leshukonskoye,88.0,RU,1552856001.0,85.0,64.9,45.76,30.08,6.42
alta gracia,75.0,AR,1552854658.0,64.0,-31.66,-64.43,75.0,9.17
chupa,75.0,PE,1552852800.0,58.0,-15.11,-69.99,57.2,10.29
tiznit,0.0,MA,1552856002.0,88.0,29.7,-9.73,60.41,2.95
rocha,92.0,UY,1552856002.0,98.0,-34.48,-54.34,66.35,8.66
carlyle,1.0,CA,1552855543.0,74.0,49.63,-102.27,35.01,11.41
constitucion,90.0,MX,1552855816.0,19.0,23.99,-104.67,71.6,13.87
sorland,20.0,NO,1552852200.0,67.0,67.67,12.69,23.0,4.7
mujiayingzi,0.0,CN,1552856004.0,40.0,42.12,118.78,41.24,8.66
sartana,0.0,UA,1552856005.0,91.0,47.17,37.7,35.66,4.97
ostrovnoy,80.0,RU,1552856005.0,89.0,68.05,39.51,26.03,14.25
pithora,76.0,IN,1552856005.0,93.0,21.25,82.52,65.81,3.74
ixtapa,90.0,MX,1552855816.0,74.0,20.71,-105.21,78.8,11.41
tautira,40.0,PF,1552855982.0,70.0,-17.73,-149.15,87.8,5.82
vila do maio,0.0,CV,1552852800.0,15.0,15.13,-23.22,78.8,11.41
marawi,100.0,PH,1552855562.0,90.0,8.0,124.29,73.0,5.01
aksu,0.0,KZ,1552852800.0,92.0,52.04,76.93,15.8,2.24
dawson creek,1.0,CA,1552852800.0,56.0,55.76,-120.23,46.4,4.7
sao francisco,90.0,BR,1552852800.0,94.0,-25.65,-53.85,73.4,6.93
bow island,20.0,CA,1552855808.0,69.0,49.87,-111.38,43.0,9.17
dongying,48.0,CN,1552856009.0,42.0,37.43,118.67,50.06,14.14
tiksi,36.0,RU,1552856009.0,43.0,71.64,128.87,-27.8,2.95
saint anthony,1.0,US,1552855857.0,51.0,43.97,-111.68,48.99,4.7
lamu,8.0,ID,1552855817.0,100.0,0.57,122.3,69.05,3.62
aykhal,0.0,RU,1552856010.0,41.0,65.95,111.51,-14.66,2.84
copiapo,20.0,CL,1552852800.0,64.0,-27.37,-70.33,68.0,11.41
sidi ali,0.0,DZ,1552855826.0,67.0,36.1,0.42,50.24,3.51
ilhabela,48.0,BR,1552856012.0,100.0,-23.78,-45.36,80.48,13.91
ardakan,0.0,IR,1552852800.0,32.0,32.31,54.02,53.6,18.34
mandla,32.0,IN,1552856012.0,91.0,22.6,80.37,62.39,8.66
miracema do tocantins,24.0,BR,1552856013.0,57.0,-9.56,-48.4,89.75,3.74
atar,0.0,MR,1552856013.0,11.0,20.52,-13.05,74.27,9.78
mindelo,0.0,PT,1552855924.0,76.0,41.31,-8.72,55.4,10.29
pangnirtung,20.0,CA,1552852800.0,75.0,66.15,-65.72,-14.81,9.17
margate,75.0,AU,1552855995.0,87.0,-43.03,147.26,59.0,8.05
ulagan,24.0,RU,1552856015.0,64.0,50.63,87.96,5.51,3.4
hasaki,20.0,JP,1552855777.0,74.0,35.73,140.83,35.6,1.12
ancud,40.0,CL,1552852800.0,59.0,-41.87,-73.83,60.8,10.29
sestri levante,75.0,IT,1552856009.0,87.0,44.27,9.41,55.99,18.34
tommot,56.0,RU,1552856016.0,65.0,58.97,126.27,4.34,4.52
luganville,68.0,VU,1552856016.0,100.0,-15.51,167.18,81.65,12.8
sept-iles,75.0,CA,1552855710.0,52.0,50.2,-66.38,19.0,18.34
ust-tsilma,88.0,RU,1552856017.0,83.0,65.44,52.15,26.48,5.86
kapuskasing,20.0,CA,1552852800.0,41.0,49.42,-82.43,19.4,10.29
muisne,20.0,EC,1552852800.0,79.0,0.61,-80.02,86.0,6.93
deputatskiy,56.0,RU,1552856019.0,36.0,69.3,139.9,-25.28,3.51
alice,90.0,US,1552855740.0,48.0,27.75,-98.07,64.99,3.36
bomi,12.0,SL,1552856020.0,65.0,7.25,-11.53,83.18,5.3
oranjestad,75.0,AW,1552852800.0,70.0,12.52,-70.03,84.2,25.28
harper,1.0,US,1552855921.0,26.0,30.3,-99.24,66.99,4.7
teseney,0.0,ER,1552856021.0,30.0,15.11,36.66,75.89,11.23
san jose,20.0,PH,1552855798.0,94.0,15.79,120.99,65.81,1.72
samarai,76.0,PG,1552856022.0,100.0,-10.62,150.67,77.6,1.95
iwaki,0.0,JP,1552855876.0,88.0,37.05,140.89,30.99,1.01
osvaldo cruz,40.0,BR,1552852800.0,48.0,-21.8,-50.88,87.8,5.82
milkovo,0.0,BG,1552855685.0,57.0,41.53,24.68,54.0,9.17
lubao,40.0,PH,1552855983.0,73.0,14.94,120.6,78.8,2.24
sturgeon falls,75.0,CA,1552855816.0,73.0,46.36,-79.93,27.0,16.11
iqaluit,5.0,CA,1552852966.0,68.0,63.75,-68.52,-14.01,28.86
mackenzie,1.0,CA,1552852800.0,59.0,55.34,-123.09,42.8,2.24
koulikoro,0.0,ML,1552854600.0,16.0,12.86,-7.56,86.0,5.82
saint-michel-des-saints,68.0,CA,1552856026.0,56.0,46.68,-73.92,19.1,9.78
ibipeba,0.0,BR,1552856027.0,34.0,-11.64,-42.01,85.52,4.97
fort beaufort,44.0,ZA,1552856027.0,91.0,-32.78,26.63,64.1,3.29
mokobeng,12.0,BW,1552856027.0,66.0,-23.0,27.67,71.48,5.19
kangaatsiaq,44.0,GL,1552856028.0,100.0,68.31,-53.46,3.89,10.67
roma,20.0,IT,1552855924.0,82.0,41.89,12.48,55.4,5.82
comodoro rivadavia,20.0,AR,1552852800.0,25.0,-45.87,-67.48,75.2,25.28
los llanos de aridane,40.0,ES,1552855862.0,55.0,28.66,-17.92,64.4,10.29
coahuayana,0.0,MX,1552856030.0,29.0,18.62,-100.35,88.13,2.95
astoria,1.0,US,1552856010.0,55.0,46.19,-123.83,64.99,13.87
osa,76.0,RU,1552856031.0,83.0,57.28,55.46,24.41,2.51
jasper,1.0,US,1552855840.0,21.0,33.83,-87.28,66.99,5.3
mokolo,8.0,CM,1552856032.0,28.0,10.74,13.8,74.0,5.86
moranbah,0.0,AU,1552856032.0,89.0,-22.0,148.04,67.88,3.18
palana,64.0,RU,1552856033.0,78.0,59.08,159.95,9.83,2.39
salinopolis,88.0,BR,1552856033.0,98.0,-0.61,-47.36,79.85,6.98
berdigestyakh,0.0,RU,1552856034.0,55.0,62.1,126.7,-11.78,5.64
key largo,1.0,US,1552855687.0,58.0,25.09,-80.45,86.0,3.36
terrace,75.0,CA,1552855586.0,87.0,54.52,-128.61,48.0,2.24
camacha,40.0,PT,1552854600.0,67.0,33.08,-16.33,60.8,9.17
neiafu,40.0,TO,1552852800.0,94.0,-18.65,-173.98,78.8,2.24
rio gallegos,90.0,AR,1552852800.0,93.0,-51.62,-69.22,51.8,27.51
santa cruz cabralia,0.0,BR,1552852800.0,66.0,-16.28,-39.02,84.2,14.99
rodrigues alves,75.0,BR,1552852800.0,59.0,-7.74,-72.65,89.6,6.93
belmonte,0.0,PT,1552855567.0,87.0,40.36,-7.35,46.99,6.64
langham,20.0,CA,1552855963.0,69.0,52.36,-106.96,39.99,11.41
suluq,0.0,LY,1552856037.0,88.0,31.67,20.25,45.83,2.73
flinders,90.0,AU,1552855936.0,100.0,-34.58,150.85,66.99,9.17
komsomolskiy,48.0,RU,1552855879.0,73.0,67.55,63.78,13.88,10.22
kamenka,92.0,RU,1552856039.0,96.0,53.19,44.05,32.06,6.64
panguna,12.0,PG,1552856039.0,87.0,-6.32,155.48,77.78,3.62
walvis bay,0.0,NA,1552852926.0,82.0,-22.95,14.51,62.6,3.36
darhan,92.0,MN,1552856040.0,41.0,49.49,105.92,34.04,7.65
colares,20.0,PT,1552855870.0,81.0,38.8,-9.45,55.4,11.41
san andres,56.0,PH,1552856041.0,100.0,13.32,122.68,80.03,15.03
pacific grove,1.0,US,1552855733.0,55.0,36.62,-121.92,78.01,10.29
tapejara,8.0,BR,1552856042.0,74.0,-23.73,-52.87,83.09,3.62
waddan,0.0,LY,1552856042.0,59.0,29.16,16.14,51.86,2.84
voh,8.0,NC,1552856043.0,95.0,-20.95,164.69,79.49,12.46
okha,76.0,RU,1552856043.0,89.0,53.59,142.95,20.54,8.32
wattegama,68.0,LK,1552856044.0,95.0,7.35,80.68,69.68,3.18
chernyshevskiy,64.0,RU,1552856044.0,74.0,63.01,112.47,2.36,2.51
peru,1.0,US,1552856044.0,69.0,41.33,-89.13,45.0,17.22
lincoln,1.0,US,1552856025.0,56.0,40.8,-96.67,51.01,3.36
nantucket,1.0,US,1552856043.0,44.0,41.28,-70.1,42.01,20.8
soe,92.0,EE,1552855696.0,93.0,57.91,26.05,39.0,13.87
the valley,20.0,AI,1552855587.0,65.0,18.22,-63.06,80.6,18.34
lujan,0.0,AR,1552856047.0,23.0,-46.57,-67.67,70.04,30.02
sharjah,20.0,AE,1552855755.0,78.0,25.36,55.39,75.0,4.7
nioro,0.0,GM,1552856047.0,59.0,13.79,-15.05,82.46,2.39
cantaura,8.0,VE,1552856048.0,30.0,9.31,-64.36,92.99,15.26
talcahuano,0.0,CL,1552852800.0,68.0,-36.72,-73.12,66.2,17.22
pacifica,1.0,US,1552856047.0,52.0,37.61,-122.49,73.0,8.05
yanji,0.0,CN,1552856049.0,60.0,42.89,129.5,26.21,4.97
bull savanna,80.0,JM,1552856049.0,66.0,17.89,-77.59,78.5,4.85
briancon,36.0,FR,1552856023.0,84.0,44.9,6.65,51.01,1.61
pochutla,20.0,MX,1552855616.0,52.0,15.74,-96.47,90.0,6.42
caluquembe,36.0,AO,1552856051.0,91.0,-13.78,14.68,63.56,3.18
jardim,0.0,BR,1552856051.0,71.0,-21.48,-56.15,86.06,8.43
sumbe,88.0,AO,1552856052.0,100.0,-11.2,13.84,80.48,3.4
carcassonne,20.0,FR,1552856005.0,61.0,43.21,2.35,53.6,16.11
surgut,0.0,RU,1552852800.0,91.0,61.25,73.4,1.4,2.24
kurchum,0.0,KZ,1552856053.0,75.0,48.57,83.65,10.91,9.55
dubbo,90.0,AU,1552852800.0,100.0,-32.25,148.6,60.8,3.18
cape canaveral,75.0,US,1552855834.0,73.0,28.41,-80.6,72.0,13.87
orizona,44.0,BR,1552856054.0,70.0,-17.03,-48.3,82.01,2.84
egvekinot,20.0,RU,1552856054.0,61.0,66.32,-179.17,-8.9,3.18
sarankhola,48.0,BD,1552856055.0,94.0,22.31,89.79,74.18,3.18
grand forks,1.0,US,1552855665.0,80.0,47.91,-97.06,37.0,5.82
kargil,76.0,PK,1552856055.0,84.0,34.56,76.13,3.35,0.94
mount isa,0.0,AU,1552852800.0,58.0,-20.73,139.49,59.0,4.41
tam ky,20.0,VN,1552852800.0,94.0,15.57,108.48,75.2,2.24
weyburn,0.0,CA,1552855971.0,76.0,49.67,-103.85,36.0,11.01
lashio,44.0,MM,1552856003.0,78.0,22.93,97.75,59.24,1.39
raudeberg,40.0,NO,1552855804.0,60.0,61.99,5.14,39.2,14.99
keti bandar,0.0,PK,1552856057.0,94.0,24.14,67.45,73.91,7.99
road town,40.0,VG,1552855717.0,65.0,18.42,-64.62,80.6,9.17
ushtobe,92.0,KZ,1552856058.0,80.0,45.25,77.98,34.13,5.86
winnemucca,1.0,US,1552855522.0,22.0,40.97,-117.74,59.0,2.39
makurdi,8.0,NG,1552856059.0,62.0,7.73,8.54,84.44,9.89
tubmanburg,0.0,LR,1552856060.0,81.0,6.87,-10.82,79.94,7.09
havelock,1.0,US,1552855812.0,41.0,34.88,-76.9,62.01,6.93
isiolo,88.0,KE,1552856060.0,76.0,0.35,37.58,71.84,2.62
carballo,20.0,ES,1552856016.0,70.0,43.21,-8.69,51.01,5.82
kuusamo,90.0,FI,1552852200.0,100.0,65.96,29.19,30.2,9.17
ust-omchug,12.0,RU,1552855890.0,38.0,61.13,149.63,-27.53,2.51
sjenica,0.0,RS,1552856062.0,75.0,43.27,20.0,27.74,2.73
verkhoyansk,24.0,RU,1552856062.0,53.0,67.55,133.39,-32.12,2.62
beringovskiy,0.0,RU,1552856063.0,97.0,63.05,179.32,-5.75,7.99
progreso,75.0,UY,1552855571.0,94.0,-34.68,-56.22,75.2,9.17
lata,24.0,IN,1552856064.0,84.0,30.78,78.62,36.56,2.84
phaltan,0.0,IN,1552856064.0,56.0,17.99,74.43,63.56,4.63
katrineholm,20.0,SE,1552856050.0,75.0,59.0,16.21,42.01,10.29
chapada dos guimaraes,40.0,BR,1552852800.0,47.0,-15.46,-55.75,96.8,6.93
santa rosa,0.0,AR,1552856067.0,61.0,-36.62,-64.29,77.42,9.78
rincon,40.0,US,1552855800.0,46.0,32.3,-81.24,63.0,6.93
pisco,0.0,PE,1552852800.0,30.0,-13.71,-76.2,71.6,21.92
kyabram,0.0,AU,1552855321.0,76.0,-36.31,145.05,63.0,3.62
kuandian,8.0,CN,1552856068.0,89.0,40.73,124.78,25.76,5.41
mehriz,0.0,IR,1552852800.0,32.0,31.58,54.44,53.6,18.34
aklavik,40.0,CA,1552852800.0,51.0,68.22,-135.01,37.4,4.7
moncton,75.0,CA,1552855803.0,39.0,46.1,-64.8,30.99,18.34
tancitaro,90.0,MX,1552851600.0,50.0,19.33,-102.37,75.2,11.41
imeni poliny osipenko,44.0,RU,1552856070.0,82.0,52.42,136.49,10.91,7.54
saint-raymond,75.0,CA,1552855820.0,49.0,46.89,-71.84,27.0,14.99
marrakesh,75.0,MA,1552854600.0,37.0,31.63,-7.99,68.0,11.41
otelu rosu,0.0,RO,1552856071.0,76.0,45.53,22.37,41.33,3.74
mikhaylovskoye,92.0,RU,1552856072.0,100.0,43.1,44.64,36.38,4.29
bonfim,40.0,BR,1552852800.0,74.0,-20.33,-44.24,80.6,2.24
laguna,40.0,MX,1552851660.0,29.0,27.52,-110.01,77.0,9.17
tongchuan,40.0,CN,1552852800.0,76.0,34.9,108.95,48.2,6.71
corner brook,75.0,CA,1552855541.0,67.0,48.95,-57.95,23.0,16.11
meadow lake,75.0,CA,1552852800.0,60.0,54.13,-108.44,39.2,14.99
mehamn,75.0,NO,1552854000.0,58.0,71.03,27.85,28.4,9.17
saint-louis,75.0,CH,1552856033.0,75.0,47.59,7.56,43.0,12.75
makat,48.0,KZ,1552856076.0,97.0,47.65,53.35,35.48,7.2
birao,0.0,CF,1552856077.0,16.0,10.3,22.78,73.28,9.33
lahij,0.0,YE,1552856077.0,98.0,13.06,44.88,66.53,2.62
seminole,1.0,US,1552855629.0,26.0,32.72,-102.64,63.0,9.17
moose factory,1.0,CA,1552852800.0,43.0,51.26,-80.61,12.2,18.34
udachnyy,0.0,RU,1552856078.0,76.0,66.42,112.4,-12.68,2.62
pyinmana,0.0,MM,1552856079.0,69.0,19.74,96.21,70.94,2.95
chumikan,68.0,RU,1552856079.0,85.0,54.72,135.31,12.08,4.52
sioux lookout,90.0,CA,1552852800.0,47.0,50.1,-91.92,33.8,5.82
bosaso,0.0,SO,1552856080.0,100.0,11.28,49.18,76.61,2.17
dobeln,0.0,DE,1552856078.0,75.0,51.12,13.12,44.01,8.05
doha,0.0,QA,1552852800.0,37.0,25.29,51.53,69.8,9.17
ahipara,88.0,NZ,1552856081.0,89.0,-35.17,173.16,69.23,9.44
riyadh,0.0,SA,1552852800.0,26.0,24.63,46.72,59.0,3.36
toora-khem,80.0,RU,1552856082.0,70.0,52.47,96.11,16.13,8.88
lagos,0.0,NG,1552855983.0,82.0,6.46,3.39,83.63,7.76
san jose de guanipa,24.0,VE,1552856083.0,32.0,8.89,-64.17,94.43,16.82
agadir,0.0,MA,1552854600.0,82.0,30.42,-9.58,60.8,11.41
kieta,32.0,PG,1552856037.0,100.0,-6.22,155.63,79.22,2.51
ryotsu,0.0,JP,1552856084.0,100.0,38.08,138.43,38.09,5.97
saint-francois,0.0,FR,1552855598.0,75.0,46.42,3.91,41.0,4.7
tuatapere,92.0,NZ,1552855804.0,90.0,-46.13,167.69,59.0,1.99
ritchie,24.0,ZA,1552852800.0,41.0,-29.03,24.6,77.0,14.99
mosjoen,40.0,NO,1552854000.0,58.0,65.84,13.19,35.6,3.36
daru,24.0,SL,1552856085.0,56.0,7.99,-10.85,84.62,5.41
newark,20.0,US,1552855941.0,30.0,40.74,-74.17,46.99,8.05
zhoucheng,92.0,CN,1552852800.0,71.0,31.35,119.33,55.4,4.47
cartagena,0.0,ES,1552855803.0,48.0,37.63,-1.0,69.01,9.17
